Workbook

Sheet Documentation
A1: Medicina
A3: Author | B3: Imani Emeka
A4: Date | B4: 45474
A5: Purpose | B5: To analyze social media metrics for Medicina Medical Softweare

Sheet Metrics
B1: Medicina
B2: Social Media Metrics
B4: MONTH | C4: POSTS | D4: RETWEETS | E4: LIKES | F4: MENTIONS | G4: CLICKS | H4: REACH | I4: RATE
B5: JANUARY | C5: =COUNT(January!B:B) -> 6 | D5: =SUM(January!D:D) -> 57 | E5: =SUM(January!E:E) -> 65 | F5: =SUM(January!F:F) -> 42 | G5: =SUM(January!G:G) -> 138 | H5: =SUM(January!H:H) -> 87169 | I5: =AVERAGE(January!J:J) -> 0.0034647249
D6: =AVERAGE(January!D:D) -> 9.5 | E6: =AVERAGE(January!E:E) -> 10.833333 | F6: =AVERAGE(January!F:F) -> 7 | G6: =AVERAGE(January!G:G) -> 23 | H6: =AVERAGE(January!H:H) -> 14528.167
B7: FEBRUARY | C7: =COUNT(February!B:B) -> 5 | D7: =SUM(February!D:D) -> 35 | E7: =SUM(February!E:E) -> 34 | F7: =SUM(February!F:F) -> 18 | G7: =SUM(February!G:G) -> 106 | H7: =SUM(February!H:H) -> 73021 | I7: =AVERAGE(February!J:J) -> 0.0026430162
D8: =AVERAGE(February!D:D) -> 7 | E8: =AVERAGE(February!E:E) -> 6.8 | F8: =AVERAGE(February!F:F) -> 3.6 | G8: =AVERAGE(February!G:G) -> 21.2 | H8: =AVERAGE(February!H:H) -> 14604.2
B9: MARCH | C9: =COUNT(March!B:B) -> 9 | D9: =SUM(March!D:D) -> 88 | E9: =SUM(March!E:E) -> 95 | F9: =SUM(March!F:F) -> 45 | G9: =SUM(March!G:G) -> 273 | H9: =SUM(March!H:H) -> 131667 | I9: =AVERAGE(March!J:J) -> 0.0038043619
D10: =AVERAGE(March!D:D) -> 9.7777778 | E10: =AVERAGE(March!E:E) -> 10.555556 | F10: =AVERAGE(March!F:F) -> 5 | G10: =AVERAGE(March!G:G) -> 30.333333 | H10: =AVERAGE(March!H:H) -> 14629.667
B11: APRIL | C11: =COUNT(April!B:B) -> 9 | D11: =SUM(April!D:D) -> 89 | E11: =SUM(April!E:E) -> 117 | F11: =SUM(April!F:F) -> 69 | G11: =SUM(April!G:G) -> 231 | H11: =SUM(April!H:H) -> 132223 | I11: =AVERAGE(April!J:J) -> 0.0038271574
D12: =AVERAGE(April!D:D) -> 9.8888889 | E12: =AVERAGE(April!E:E) -> 13 | F12: =AVERAGE(April!F:F) -> 7.6666667 | G12: =AVERAGE(April!G:G) -> 25.666667 | H12: =AVERAGE(April!H:H) -> 14691.444
B13: MAY | C13: =COUNT(May!B:B) -> 10 | D13: =SUM(May!D:D) -> 103 | E13: =SUM(May!E:E) -> 131 | F13: =SUM(May!F:F) -> 80 | G13: =SUM(May!G:G) -> 262 | H13: =SUM(May!H:H) -> 147416 | I13: =AVERAGE(May!J:J) -> 0.0039075732
D14: =AVERAGE(May!D:D) -> 10.3 | E14: =AVERAGE(May!E:E) -> 13.1 | F14: =AVERAGE(May!F:F) -> 8 | G14: =AVERAGE(May!G:G) -> 26.2 | H14: =AVERAGE(May!H:H) -> 14741.6
B15: JUNE | C15: =COUNT(June!B:B) -> 8 | D15: =SUM(June!D:D) -> 94 | E15: =SUM(June!E:E) -> 109 | F15: =SUM(June!F:F) -> 62 | G15: =SUM(June!G:G) -> 267 | H15: =SUM(June!H:H) -> 118122 | I15: =AVERAGE(June!J:J) -> 0.0045041181
D16: =AVERAGE(June!D:D) -> 11.75 | E16: =AVERAGE(June!E:E) -> 13.625 | F16: =AVERAGE(June!F:F) -> 7.75 | G16: =AVERAGE(June!G:G) -> 33.375 | H16: =AVERAGE(June!H:H) -> 14765.25
B19: YTD | C19: =COUNT(January:June!B:B) -> 47 | D19: =SUM(January:June!D:D) -> 466 | E19: =SUM(January:June!E:E) -> 551 | F19: =SUM(January:June!F:F) -> 316 | G19: =SUM(January:June!G:G) -> 1277 | H19: =SUM(January:June!H:H) -> 689618 | I19: =AVERAGE(January:June!J:J) -> 0.0037828889
D20: =AVERAGE(January:June!D:D) -> 9.9148936 | E20: =AVERAGE(January:June!E:E) -> 11.723404 | F20: =AVERAGE(January:June!F:F) -> 6.7234043 | G20: =AVERAGE(January:June!G:G) -> 27.170213 | H20: =AVERAGE(January:June!H:H) -> 14672.723

Sheet January
B1: Medicina
B2: Social Media Log for January
B4: POSTED | C4: CONTENT | D4: RETWEETS | E4: LIKES | F4: MENTIONS | G4: CLICKS | H4: FOLLOWERS | I4: ENGAGEMENT | J4: RATE
B5: 45292.648 | C5: https://example.com/buff.ly/1wsZEOQ | D5: 7 | E5: 6 | F5: 5 | G5: 23 | H5: 14506 | I5: =SUM(D5:G5) -> 41 | J5: =I5/H5 -> 0.0028264167
B6: 45294.8 | C6: https://example.com/buff.ly/2wfSsDx | D6: 10 | E6: 12 | F6: 9 | G6: 22 | H6: 14502 | I6: =SUM(D6:G6) -> 53 | J6: =I6/H6 -> 0.0036546683
B7: 45297.968 | C7: https://example.com/buff.ly/9qDsyDF | D7: 12 | E7: 13 | F7: 7 | G7: 26 | H7: 14527 | I7: =SUM(D7:G7) -> 58 | J7: =I7/H7 -> 0.0039925656
B8: 45300.196 | C8: https://example.com/buff.ly/9eFcOOz | D8: 12 | E8: 14 | F8: 11 | G8: 29 | H8: 14533 | I8: =SUM(D8:G8) -> 66 | J8: =I8/H8 -> 0.0045413886
B9: 45309.595 | C9: https://example.com/buff.ly/2HhQqoh | D9: 10 | E9: 12 | F9: 5 | G9: 21 | H9: 14545 | I9: =SUM(D9:G9) -> 48 | J9: =I9/H9 -> 0.0033001031
B10: 45311.102 | C10: https://example.com/buff.ly/8fVEbOQ | D10: 6 | E10: 8 | F10: 5 | G10: 17 | H10: 14556 | I10: =SUM(D10:G10) -> 36 | J10: =I10/H10 -> 0.0024732069

Sheet February
B1: Medicina
B2: Social Media Log for February
B4: POSTED | C4: CONTENT | D4: RETWEETS | E4: LIKES | F4: MENTIONS | G4: CLICKS | H4: FOLLOWERS | I4: ENGAGEMENT | J4: RATE
B5: 45323.601 | C5: https://example.com/buff.ly/1wsZEOQ | D5: 6 | E5: 6 | F5: 7 | G5: 18 | H5: 14603 | I5: =SUM(D5:G5) -> 37 | J5: =I5/H5 -> 0.0025337259
B6: 45325.177 | C6: https://example.com/buff.ly/2wfSsDx | D6: 7 | E6: 4 | F6: 4 | G6: 24 | H6: 14601 | I6: =SUM(D6:G6) -> 39 | J6: =I6/H6 -> 0.0026710499
B7: 45327.973 | C7: https://example.com/buff.ly/1bKaGmV | D7: 9 | E7: 6 | F7: 1 | G7: 24 | H7: 14615 | I7: =SUM(D7:G7) -> 40 | J7: =I7/H7 -> 0.0027369141
B8: 45332.198 | C8: https://example.com/buff.ly/9CzchMR | D8: 2 | E8: 3 | F8: 2 | G8: 8 | H8: 14600 | I8: =SUM(D8:G8) -> 15 | J8: =I8/H8 -> 0.0010273973
B9: 45342.378 | C9: https://example.com/buff.ly/3zLqsNS | D9: 11 | E9: 15 | F9: 4 | G9: 32 | H9: 14602 | I9: =SUM(D9:G9) -> 62 | J9: =I9/H9 -> 0.0042459937

Sheet March
B1: Medicina
B2: Social Media Log for March
B4: POSTED | C4: CONTENT | D4: RETWEETS | E4: LIKES | F4: MENTIONS | G4: CLICKS | H4: FOLLOWERS | I4: ENGAGEMENT | J4: RATE
B5: 45352.455 | C5: https://example.com/buff.ly/1wsZEOQ | D5: 8 | E5: 11 | F5: 8 | G5: 28 | H5: 14604 | I5: =SUM(D5:G5) -> 55 | J5: =I5/H5 -> 0.0037660915
B6: 45354.348 | C6: https://example.com/buff.ly/2wfSsDx | D6: 11 | E6: 12 | F6: 5 | G6: 30 | H6: 14609 | I6: =SUM(D6:G6) -> 58 | J6: =I6/H6 -> 0.0039701554
B7: 45360.511 | C7: https://example.com/buff.ly/6BWYihl | D7: 6 | E7: 7 | F7: 4 | G7: 19 | H7: 14604 | I7: =SUM(D7:G7) -> 36 | J7: =I7/H7 -> 0.0024650781
B8: 45362.872 | C8: https://example.com/buff.ly/5ojrpTp | D8: 10 | E8: 10 | F8: 5 | G8: 25 | H8: 14613 | I8: =SUM(D8:G8) -> 50 | J8: =I8/H8 -> 0.0034216109
B9: 45364.807 | C9: https://example.com/buff.ly/8OBkdDT | D9: 12 | E9: 9 | F9: 6 | G9: 31 | H9: 14615 | I9: =SUM(D9:G9) -> 58 | J9: =I9/H9 -> 0.0039685255
B10: 45369.048 | C10: https://example.com/buff.ly/5ThhTQw | D10: 12 | E10: 10 | F10: 5 | G10: 47 | H10: 14646 | I10: =SUM(D10:G10) -> 74 | J10: =I10/H10 -> 0.0050525741
B11: 45371.36 | C11: https://example.com/buff.ly/2kqKNZG | D11: 9 | E11: 13 | F11: 4 | G11: 33 | H11: 14641 | I11: =SUM(D11:G11) -> 59 | J11: =I11/H11 -> 0.0040297794
B12: 45373.359 | C12: https://example.com/buff.ly/7fMjFlX | D12: 8 | E12: 9 | F12: 2 | G12: 23 | H12: 14649 | I12: =SUM(D12:G12) -> 42 | J12: =I12/H12 -> 0.0028670899
B13: 45379.537 | C13: https://example.com/buff.ly/7DGMDGs | D13: 12 | E13: 14 | F13: 6 | G13: 37 | H13: 14686 | I13: =SUM(D13:G13) -> 69 | J13: =I13/H13 -> 0.0046983522

Sheet April
B1: Medicina
B2: Social Media Log for April
B4: POSTED | C4: CONTENT | D4: RETWEETS | E4: LIKES | F4: MENTIONS | G4: CLICKS | H4: FOLLOWERS | I4: ENGAGEMENT | J4: RATE
B5: 45383.549 | C5: https://example.com/buff.ly/1wsZEOQ | D5: 9 | E5: 16 | F5: 13 | G5: 24 | H5: 14680 | I5: =SUM(D5:G5) -> 62 | J5: =I5/H5 -> 0.0042234332
B6: 45385.631 | C6: https://example.com/buff.ly/2wfSsDx | D6: 11 | E6: 22 | F6: 5 | G6: 38 | H6: 14667 | I6: =SUM(D6:G6) -> 76 | J6: =I6/H6 -> 0.0051817004
B7: 45389.003 | C7: https://example.com/buff.ly/1ZWEDaJ | D7: 11 | E7: 17 | F7: 8 | G7: 36 | H7: 14705 | I7: =SUM(D7:G7) -> 72 | J7: =I7/H7 -> 0.0048962938
B8: 45390.954 | C8: https://example.com/buff.ly/1dQdpoH | D8: 5 | E8: 7 | F8: 4 | G8: 14 | H8: 14702 | I8: =SUM(D8:G8) -> 30 | J8: =I8/H8 -> 0.0020405387
B9: 45393.182 | C9: https://example.com/buff.ly/2nZNpxi | D9: 8 | E9: 10 | F9: 6 | G9: 28 | H9: 14665 | I9: =SUM(D9:G9) -> 52 | J9: =I9/H9 -> 0.0035458575
B10: 45398.628 | C10: https://example.com/buff.ly/1ejCGeM | D10: 13 | E10: 10 | F10: 14 | G10: 22 | H10: 14698 | I10: =SUM(D10:G10) -> 59 | J10: =I10/H10 -> 0.0040141516
B11: 45404.559 | C11: https://example.com/buff.ly/4VWwWTZ | D11: 9 | E11: 20 | F11: 12 | G11: 26 | H11: 14700 | I11: =SUM(D11:G11) -> 67 | J11: =I11/H11 -> 0.0045578231
B12: 45408.091 | C12: https://example.com/buff.ly/6DfqBAX | D12: 11 | E12: 0 | F12: 0 | G12: 13 | H12: 14700 | I12: =SUM(D12:G12) -> 24 | J12: =I12/H12 -> 0.0016326531
B13: 45410.446 | C13: https://example.com/buff.ly/3qkxLJN | D13: 12 | E13: 15 | F13: 7 | G13: 30 | H13: 14706 | I13: =SUM(D13:G13) -> 64 | J13: =I13/H13 -> 0.0043519652

Sheet May
B1: Medicina
B2: Social Media Log for May
B4: POSTED | C4: CONTENT | D4: RETWEETS | E4: LIKES | F4: MENTIONS | G4: CLICKS | H4: FOLLOWERS | I4: ENGAGEMENT | J4: RATE
B5: 45413.586 | C5: https://example.com/buff.ly/1wsZEOQ | D5: 10 | E5: 13 | F5: 10 | G5: 25 | H5: 14708 | I5: =SUM(D5:G5) -> 58 | J5: =I5/H5 -> 0.0039434321
B6: 45415.4 | C6: https://example.com/buff.ly/2wfSsDx | D6: 17 | E6: 20 | F6: 11 | G6: 27 | H6: 14729 | I6: =SUM(D6:G6) -> 75 | J6: =I6/H6 -> 0.0050919954
B7: 45419.685 | C7: https://example.com/buff.ly/1FSEiAv | D7: 13 | E7: 16 | F7: 12 | G7: 19 | H7: 14726 | I7: =SUM(D7:G7) -> 60 | J7: =I7/H7 -> 0.0040744262
B8: 45421.379 | C8: https://example.com/buff.ly/8oqTSAI | D8: 11 | E8: 14 | F8: 8 | G8: 37 | H8: 14729 | I8: =SUM(D8:G8) -> 70 | J8: =I8/H8 -> 0.004752529
B9: 45423.245 | C9: https://example.com/buff.ly/4tngruW | D9: 11 | E9: 17 | F9: 9 | G9: 22 | H9: 14735 | I9: =SUM(D9:G9) -> 59 | J9: =I9/H9 -> 0.0040040719
B10: 45431.542 | C10: https://example.com/buff.ly/1iVPtXU | D10: 15 | E10: 18 | F10: 12 | G10: 31 | H10: 14769 | I10: =SUM(D10:G10) -> 76 | J10: =I10/H10 -> 0.0051459137
B11: 45433.219 | C11: https://example.com/buff.ly/3hacVrA | D11: 9 | E11: 13 | F11: 1 | G11: 35 | H11: 14757 | I11: =SUM(D11:G11) -> 58 | J11: =I11/H11 -> 0.0039303381
B12: 45435.497 | C12: https://example.com/buff.ly/9AyIEVH | D12: 6 | E12: 3 | F12: 7 | G12: 34 | H12: 14756 | I12: =SUM(D12:G12) -> 50 | J12: =I12/H12 -> 0.0033884522
B13: 45439.489 | C13: https://example.com/buff.ly/6OHIPLp | D13: 6 | E13: 7 | F13: 9 | G13: 11 | H13: 14750 | I13: =SUM(D13:G13) -> 33 | J13: =I13/H13 -> 0.0022372881
B14: 45442.771 | C14: https://example.com/buff.ly/7ZHactD | D14: 5 | E14: 10 | F14: 1 | G14: 21 | H14: 14757 | I14: =SUM(D14:G14) -> 37 | J14: =I14/H14 -> 0.0025072847

Sheet June
B1: Medicina
B2: Social Media Log for June
B4: POSTED | C4: CONTENT | D4: RETWEETS | E4: LIKES | F4: MENTIONS | G4: CLICKS | H4: FOLLOWERS | I4: ENGAGEMENT | J4: RATE
B5: 45444.425 | C5: https://example.com/buff.ly/1wsZEOQ | D5: 10 | E5: 18 | F5: 5 | G5: 28 | H5: 14760 | I5: =SUM(D5:G5) -> 61 | J5: =I5/H5 -> 0.0041327913
B6: 45451.104 | C6: https://example.com/buff.ly/3eACtDR | D6: 16 | E6: 19 | F6: 15 | G6: 52 | H6: 14755 | I6: =SUM(D6:G6) -> 102 | J6: =I6/H6 -> 0.0069129109
B7: 45452.93 | C7: https://example.com/buff.ly/5xqHQpL | D7: 13 | E7: 12 | F7: 8 | G7: 28 | H7: 14750 | I7: =SUM(D7:G7) -> 61 | J7: =I7/H7 -> 0.0041355932
B8: 45455.079 | C8: https://example.com/buff.ly/3iPojHb | D8: 16 | E8: 18 | F8: 9 | G8: 37 | H8: 14761 | I8: =SUM(D8:G8) -> 80 | J8: =I8/H8 -> 0.005419687
B9: 45460.622 | C9: https://example.com/buff.ly/7OjBspE | D9: 13 | E9: 9 | F9: 3 | G9: 44 | H9: 14787 | I9: =SUM(D9:G9) -> 69 | J9: =I9/H9 -> 0.0046662609
B10: 45463.107 | C10: https://example.com/buff.ly/6diznpz | D10: 2 | E10: 8 | F10: 0 | G10: 20 | H10: 14772 | I10: =SUM(D10:G10) -> 30 | J10: =I10/H10 -> 0.0020308692
B11: 45469.192 | C11: https://example.com/buff.ly/4CTQySN | D11: 9 | E11: 13 | F11: 12 | G11: 25 | H11: 14769 | I11: =SUM(D11:G11) -> 59 | J11: =I11/H11 -> 0.0039948541
B12: 45470.998 | C12: https://example.com/buff.ly/7nXniCC | D12: 15 | E12: 12 | F12: 10 | G12: 33 | H12: 14768 | I12: =SUM(D12:G12) -> 70 | J12: =I12/H12 -> 0.0047399783
